"audie23","9eed861a7e613ed",
"beaulah.grimes","141529606dba748",
"breana87","72d0e0b2f7aff4f",
"carter.gerard","eb4cbb03936bceb",
"connie41","f92548c84d0ca92",
"cora04","a3dbda100de20f9",
"demario40","5c358878c92ca5e",
"dorris.bode","0ebca777fe8f5ba",
"edison.bechtela","3dcda14b2307394",
"emily96","44a1311e3452c5d",
"francesco.rogah","5a37ed1ea32d0b7",
"gbuckridge","07f9c2dfc925b12",
"gerson86","71d84f10e8758c5",
"ghagenes","ef06d6d2cd79380",
"gilda.larson","5138ce6ee527a24",
"glover.richmond","565d06f467193db",
"gulgowski.ulise","1a40c5ae4041c62",
"harmony56","ac84b074410d241",
"hauck.trisha","68a469b21845457",
"herminia32","2be5a8490534fd9",
"isadore61","c96aa7ce6ccb0be",
"jbraun","103d15009b00888",
"jhartmann","ccd47ba8f655930",
"keeling.adella","1266630ca499336",
"kelsi74","ff3fd1846e53908",
"kgerhold","924390237312343",
"kgleason","e391b578c697479",
"korbin.doyle","e7e5f193b201fb2",
"lindgren.marcel","48c8fd0b7774bf6",
"luther81","4a5840670b69395",
"lynch.jeffrey","fe6d8d60de1a044",
"mhintz","9c86dfc9fc2faed",
"millie.schuster","a0396792bcd7911",
"minnie.boyle","4c963dad0d8edd3",
"o'connell.juwan","3a2e0fe6aae92dd",
"ondricka.elvera","d4ee82232a14ca0",
"pmayert","6a21d396a1cc6d1",
"quigley.rooseve","cd3d6277f10f3b6",
"rath.sadie","aed3bf5d69f6b2c",
"rleuschke","cbff691674fda47",
"schiller.manley","68dbbd7e44c4ea9",
"stefan.effertz","2c4ed02e2e8ab42",
"ubraun","6f7d0e4f3261339",
"vwisoky","6537aaa23f93010",
"wilford.will","e52cab33e240871",
"wmcclure","6ef910eb482a3ab",
"wyman.magali","ffb8ca2d94b5ff1",
"xarmstrong","d179334f004fe49",
"zola.collier","4eec9c30489b5c1",
"zratke","046fe59cac00c70",
